Year,inc1,q2gdp,cumpt8pclei2016,LogTWH,G,P,Z,ECONHALVED80,gnpchan,Unemployment,Inflation,ViolentCrimeRate,MurderRate,AssaultRate,OwnershipShare
2000,NA,8.0,0.196483895,2.079441547,2.031,1.683,7,1.344767293,2.52,4.0,3.35,523.0,5.7,334.3,67.2
2004,NA,2.9,0.553084314,1.386294365,2.086,2.141,2,0.544196332,2.47,5.6,2.4625,475.8,5.7,295.4,69.2
2008,NA,0.6,-0.526460826,2.079441547,-1.787,2.745,2,0.389215942,0.82,5.4,4.55,471.8,5.7,287.2,68.1
2012,NA,1.3,0.256387591,1.389999986,1.422,1.47,1,-0.8,0.7,8.2,2.1625,387.1,4.7,241.5,65.5
2016,NA,1.1,0.306625426,2.079441547,0.94,1.4,2,-0.7,0.2,4.9,1.0375,372.6,4.9,237.8,62.9
